,Unnamed: 0,Unnamed: 0.1,Unnamed: 0.1.1,Unnamed: 0.1.1.1,Unnamed: 0.1.1.1.1,key,loc_x,loc_y,address,datetime,hashtag,address_unit
224,224,224,224,224,224,https://www.instagram.com/p/CH76XxLBZbH/,126.873289850307,33.377430579233106,제주특별자치도 서귀포시 성산읍 신산리 1073-9,2020-11-23T14:10:29.000Z,신산리카페,성산읍
248,248,248,248,248,248,https://www.instagram.com/p/CH76KgsgMpS/,126.395760629956,33.483685838450896,제주특별자치도 제주시 애월읍 하귀2리 2615-7,2020-11-23T14:08:40.000Z,제주도카페,애월읍
285,285,285,285,285,285,https://www.instagram.com/p/CH76Kb_D6zc/,126.439341083568,33.4608856490895,제주특별자치도 제주시 애월읍 광령리,2020-11-23T14:08:39.000Z,맘카페,애월읍
398,398,398,398,398,398,https://www.instagram.com/p/CH9rdzslzA1/,126.45668314517827,33.50255325983955,제주특별자치도 제주시 이호일동 371-1,2020-11-24T06:38:43.000Z,제주도카페,이호1동
399,399,399,399,399,399,https://www.instagram.com/p/CH9rdzslzA1/,126.45668314517827,33.50255325983955,제주특별자치도 제주시 이호일동 371-1,2020-11-24T06:38:43.000Z,제주카페,이호1동
400,400,400,400,400,400,https://www.instagram.com/p/CH9rdzslzA1/,126.45668314517827,33.50255325983955,제주특별자치도 제주시 이호일동 371-1,2020-11-24T06:38:43.000Z,카페투어,이호1동
401,401,401,401,401,401,https://www.instagram.com/p/CH9rdzslzA1/,126.45668314517827,33.50255325983955,제주특별자치도 제주시 이호일동 371-1,2020-11-24T06:38:43.000Z,카페스타그램,이호1동
427,427,427,427,427,427,https://www.instagram.com/p/CH9rZoHljzj/,126.266232678207,33.3971378091264,제주특별자치도 제주시 한림읍 동명리 1322-2,2020-11-24T06:38:08.000Z,제주한림카페,한림읍
433,433,433,433,433,433,https://www.instagram.com/p/CH9rUWlJGlI/,126.91908094568531,33.444502297886025,제주특별자치도 서귀포시 성산읍 고성리 372-1,2020-11-24T06:37:25.000Z,카페스타그램,성산읍
448,448,448,448,448,448,https://www.instagram.com/p/CH9rUWlJGlI/,126.91908094568531,33.444502297886025,제주특별자치도 서귀포시 성산읍 고성리 372-1,2020-11-24T06:37:25.000Z,카페투어,성산읍
449,449,449,449,449,449,https://www.instagram.com/p/CH9rUWlJGlI/,126.91908094568531,33.444502297886025,제주특별자치도 서귀포시 성산읍 고성리 372-1,2020-11-24T06:37:25.000Z,대전카페,성산읍
450,450,450,450,450,450,https://www.instagram.com/p/CH9rUWlJGlI/,126.91908094568531,33.444502297886025,제주특별자치도 서귀포시 성산읍 고성리 372-1,2020-11-24T06:37:25.000Z,월평동카페,성산읍
451,451,451,451,451,451,https://www.instagram.com/p/CH9rUWlJGlI/,126.91908094568531,33.444502297886025,제주특별자치도 서귀포시 성산읍 고성리 372-1,2020-11-24T06:37:25.000Z,둔산동카페,성산읍
599,599,599,599,599,599,https://www.instagram.com/p/CH9ttfTpqPK/,126.717916463967,33.2802482504748,제주특별자치도 서귀포시 남원읍 남원리 178-1,2020-11-24T06:58:20.000Z,제주카페,남원읍
602,602,602,602,602,602,https://www.instagram.com/p/CH9ttfTpqPK/,126.717916463967,33.2802482504748,제주특별자치도 서귀포시 남원읍 남원리 178-1,2020-11-24T06:58:20.000Z,남원카페,남원읍
612,612,612,612,612,612,https://www.instagram.com/p/CH9tcNkhDNj/,126.873289850307,33.377430579233106,제주특별자치도 서귀포시 성산읍 신산리 1073-9,2020-11-24T06:55:58.000Z,식물카페,성산읍
614,614,614,614,614,614,https://www.instagram.com/p/CH9tcNkhDNj/,126.873289850307,33.377430579233106,제주특별자치도 서귀포시 성산읍 신산리 1073-9,2020-11-24T06:55:58.000Z,성산카페,성산읍
760,760,760,760,760,760,https://www.instagram.com/p/CH9vVNWM9Tj/,126.37997743450701,33.4397509795262,제주특별자치도 제주시 애월읍 소길리 652-1,2020-11-24T07:12:29.000Z,제주도카페,애월읍
761,761,761,761,761,761,https://www.instagram.com/p/CH9vVNWM9Tj/,126.37997743450701,33.4397509795262,제주특별자치도 제주시 애월읍 소길리 652-1,2020-11-24T07:12:29.000Z,골목카페옥수,애월읍
813,813,813,813,813,813,https://www.instagram.com/p/CH9umuvj-Jt/,126.828038494809,33.5452015363217,제주특별자치도 제주시 구좌읍 한동리 1638,2020-11-24T07:06:09.000Z,인카페온더비치,구좌읍
815,815,815,815,815,815,https://www.instagram.com/p/CH9umuvj-Jt/,126.828038494809,33.5452015363217,제주특별자치도 제주시 구좌읍 한동리 1638,2020-11-24T07:06:09.000Z,제주카페추천,구좌읍
964,964,964,964,964,964,https://www.instagram.com/p/CH9wm3MB_lZ/,126.26901441273199,33.4269102410488,제주특별자치도 제주시 한림읍 수원리 522-2,2020-11-24T07:23:38.000Z,카페아꼼,한림읍
988,988,988,988,988,988,https://www.instagram.com/p/CH90HjoJZWR/,126.242160537329,33.395604683838634,제주특별자치도 제주시 한림읍 협재리 1728,2020-11-24T07:54:19.000Z,카페,한림읍
989,989,989,989,989,989,https://www.instagram.com/p/CH90HjoJZWR/,126.242160537329,33.395604683838634,제주특별자치도 제주시 한림읍 협재리 1728,2020-11-24T07:54:19.000Z,제주카페,한림읍
1015,1015,1015,1015,1015,1015,https://www.instagram.com/p/CH90D8MpZ7H/,126.242160537329,33.395604683838634,제주특별자치도 제주시 한림읍 협재리 1728,2020-11-24T07:53:49.000Z,카페,한림읍
1016,1016,1016,1016,1016,1016,https://www.instagram.com/p/CH90D8MpZ7H/,126.242160537329,33.395604683838634,제주특별자치도 제주시 한림읍 협재리 1728,2020-11-24T07:53:49.000Z,제주카페,한림읍
1042,1042,1042,1042,1042,1042,https://www.instagram.com/p/CH90AsZJbjs/,126.242160537329,33.395604683838634,제주특별자치도 제주시 한림읍 협재리 1728,2020-11-24T07:53:23.000Z,카페,한림읍
1043,1043,1043,1043,1043,1043,https://www.instagram.com/p/CH90AsZJbjs/,126.242160537329,33.395604683838634,제주특별자치도 제주시 한림읍 협재리 1728,2020-11-24T07:53:23.000Z,제주카페,한림읍
1083,1083,1083,1083,1083,1083,https://www.instagram.com/p/CH9z89YJjsL/,126.242160537329,33.395604683838634,제주특별자치도 제주시 한림읍 협재리 1728,2020-11-24T07:52:52.000Z,카페,한림읍
1084,1084,1084,1084,1084,1084,https://www.instagram.com/p/CH9z89YJjsL/,126.242160537329,33.395604683838634,제주특별자치도 제주시 한림읍 협재리 1728,2020-11-24T07:52:52.000Z,제주카페,한림읍
1111,1111,1111,1111,1111,1111,https://www.instagram.com/p/CH9z6ZUpUTe/,126.242160537329,33.395604683838634,제주특별자치도 제주시 한림읍 협재리 1728,2020-11-24T07:52:31.000Z,카페,한림읍
1112,1112,1112,1112,1112,1112,https://www.instagram.com/p/CH9z6ZUpUTe/,126.242160537329,33.395604683838634,제주특별자치도 제주시 한림읍 협재리 1728,2020-11-24T07:52:31.000Z,제주카페,한림읍
1138,1138,1138,1138,1138,1138,https://www.instagram.com/p/CH9z3ZsJQIE/,126.242160537329,33.395604683838634,제주특별자치도 제주시 한림읍 협재리 1728,2020-11-24T07:52:07.000Z,카페,한림읍
1139,1139,1139,1139,1139,1139,https://www.instagram.com/p/CH9z3ZsJQIE/,126.242160537329,33.395604683838634,제주특별자치도 제주시 한림읍 협재리 1728,2020-11-24T07:52:07.000Z,제주카페,한림읍
1165,1165,1165,1165,1165,1165,https://www.instagram.com/p/CH9zzi5ptnG/,126.242160537329,33.395604683838634,제주특별자치도 제주시 한림읍 협재리 1728,2020-11-24T07:51:35.000Z,카페,한림읍
1166,1166,1166,1166,1166,1166,https://www.instagram.com/p/CH9zzi5ptnG/,126.242160537329,33.395604683838634,제주특별자치도 제주시 한림읍 협재리 1728,2020-11-24T07:51:35.000Z,제주카페,한림읍
1200,1200,1200,1200,1200,1200,https://www.instagram.com/p/CH9zdsfszTd/,126.6789553990708,33.49808308071445,제주특별자치도 제주시 조천읍 와산리 851,2020-11-24T07:48:36.000Z,카페콘테나,조천읍
1201,1201,1201,1201,1201,1201,https://www.instagram.com/p/CH9zdsfszTd/,126.6789553990708,33.49808308071445,제주특별자치도 제주시 조천읍 와산리 851,2020-11-24T07:48:36.000Z,카페더콘테나,조천읍
1222,1222,1222,1222,1222,1222,https://www.instagram.com/p/CH9zP3GH9q2/,126.61867504286914,33.25076159560252,제주특별자치도 서귀포시 하효동 1298,2020-11-24T07:46:43.000Z,쇠소깍카페,하효동
1236,1236,1236,1236,1236,1236,https://www.instagram.com/p/CH9zE8Fl8Aj/,126.310872818041,33.2564731127925,제주특별자치도 서귀포시 안덕면 덕수리 971,2020-11-24T07:45:13.000Z,제주카페,안덕면
1238,1238,1238,1238,1238,1238,https://www.instagram.com/p/CH9zE8Fl8Aj/,126.310872818041,33.2564731127925,제주특별자치도 서귀포시 안덕면 덕수리 971,2020-11-24T07:45:13.000Z,제주도카페,안덕면
1240,1240,1240,1240,1240,1240,https://www.instagram.com/p/CH9zE8Fl8Aj/,126.310872818041,33.2564731127925,제주특별자치도 서귀포시 안덕면 덕수리 971,2020-11-24T07:45:13.000Z,카페투어,안덕면
1276,1276,1276,1276,1276,1276,https://www.instagram.com/p/CH92-nXHmVH/,126.715093661443,33.553392412354604,제주특별자치도 제주시 구좌읍 동복리 1568-1,2020-11-24T08:19:19.000Z,제주카페,구좌읍
1278,1278,1278,1278,1278,1278,https://www.instagram.com/p/CH92-nXHmVH/,126.715093661443,33.553392412354604,제주특별자치도 제주시 구좌읍 동복리 1568-1,2020-11-24T08:19:19.000Z,카페,구좌읍
1279,1279,1279,1279,1279,1279,https://www.instagram.com/p/CH92-nXHmVH/,126.715093661443,33.553392412354604,제주특별자치도 제주시 구좌읍 동복리 1568-1,2020-11-24T08:19:19.000Z,카페공백,구좌읍
1406,1406,1406,1406,1406,1406,https://www.instagram.com/p/CH92R01FY28/,126.81242447645398,33.3079427982969,제주특별자치도 서귀포시 표선면 표선리 2919,2020-11-24T08:13:12.000Z,카페더콘테나,표선면
1421,1421,1421,1421,1421,1421,https://www.instagram.com/p/CH92KiNjper/,126.242160537329,33.395604683838634,제주특별자치도 제주시 한림읍 협재리 1728,2020-11-24T08:12:12.000Z,카페,한림읍
1422,1422,1422,1422,1422,1422,https://www.instagram.com/p/CH92KiNjper/,126.242160537329,33.395604683838634,제주특별자치도 제주시 한림읍 협재리 1728,2020-11-24T08:12:12.000Z,제주카페,한림읍
1437,1437,1437,1437,1437,1437,https://www.instagram.com/p/CH91uQMgKAl/,126.86025618946002,33.5251436596119,제주특별자치도 제주시 구좌읍 세화리 1-1,2020-11-24T08:11:33.000Z,세화카페,구좌읍
1441,1441,1441,1441,1441,1441,https://www.instagram.com/p/CH91uQMgKAl/,126.86025618946002,33.5251436596119,제주특별자치도 제주시 구좌읍 세화리 1-1,2020-11-24T08:11:33.000Z,제주도카페,구좌읍
1442,1442,1442,1442,1442,1442,https://www.instagram.com/p/CH91uQMgKAl/,126.86025618946002,33.5251436596119,제주특별자치도 제주시 구좌읍 세화리 1-1,2020-11-24T08:11:33.000Z,제주카페,구좌읍
1443,1443,1443,1443,1443,1443,https://www.instagram.com/p/CH91uQMgKAl/,126.86025618946002,33.5251436596119,제주특별자치도 제주시 구좌읍 세화리 1-1,2020-11-24T08:11:33.000Z,구좌읍카페,구좌읍
1444,1444,1444,1444,1444,1444,https://www.instagram.com/p/CH91uQMgKAl/,126.86025618946002,33.5251436596119,제주특별자치도 제주시 구좌읍 세화리 1-1,2020-11-24T08:11:33.000Z,구좌카페,구좌읍
1448,1448,1448,1448,1448,1448,https://www.instagram.com/p/CH91uQMgKAl/,126.86025618946002,33.5251436596119,제주특별자치도 제주시 구좌읍 세화리 1-1,2020-11-24T08:11:33.000Z,제주동쪽카페,구좌읍
1486,1486,1486,1486,1486,1486,https://www.instagram.com/p/CH915uIAQrz/,126.63621623625866,33.30034607599768,제주특별자치도 서귀포시 남원읍 신례리 1767,2020-11-24T08:09:54.000Z,제주카페추천,남원읍
1489,1489,1489,1489,1489,1489,https://www.instagram.com/p/CH915uIAQrz/,126.63621623625866,33.30034607599768,제주특별자치도 서귀포시 남원읍 신례리 1767,2020-11-24T08:09:54.000Z,서귀포카페,남원읍
1506,1506,1506,1506,1506,1506,https://www.instagram.com/p/CH91-OsAksL/,126.51531780746993,33.237465168471545,제주특별자치도 서귀포시 서귀동 316-1,2020-11-24T08:10:31.000Z,서귀포카페,서귀동
1763,1763,1763,1763,1763,1763,https://www.instagram.com/p/CH95CTUAPJl/,126.918199053612,33.4399179214926,제주특별자치도 서귀포시 성산읍 고성리 485-1,2020-11-24T08:37:17.000Z,제주카페가볼만한곳,성산읍
1793,1793,1793,1793,1793,1793,https://www.instagram.com/p/CH94_Y7giDB/,126.918199053612,33.4399179214926,제주특별자치도 서귀포시 성산읍 고성리 485-1,2020-11-24T08:36:53.000Z,제주카페가볼만한곳,성산읍
1799,1799,1799,1799,1799,1799,https://www.instagram.com/p/CH94--ODm8p/,126.774018571495,33.468471463479396,제주특별자치도 제주시 구좌읍 송당리 1581-1,2020-11-24T08:36:50.000Z,제주카페,구좌읍
1844,1844,1844,1844,1844,1844,https://www.instagram.com/p/CH94-auAIAm/,126.918199053612,33.4399179214926,제주특별자치도 서귀포시 성산읍 고성리 485-1,2020-11-24T08:36:46.000Z,제주카페가볼만한곳,성산읍
1952,1952,1952,1952,1952,1952,https://www.instagram.com/p/CH94O5BDnwp/,126.524677826742,33.513278603906,제주특별자치도 제주시 일도1동 1425-3,2020-11-24T08:30:16.000Z,카페,일도1동
1976,1976,1976,1976,1976,1976,https://www.instagram.com/p/CH94HG8h7kp/,126.873289850307,33.377430579233106,제주특별자치도 서귀포시 성산읍 신산리 1073-9,2020-11-24T08:29:12.000Z,성산카페,성산읍
1981,1981,1981,1981,1981,1981,https://www.instagram.com/p/CH94HG8h7kp/,126.873289850307,33.377430579233106,제주특별자치도 서귀포시 성산읍 신산리 1073-9,2020-11-24T08:29:12.000Z,카페,성산읍
1982,1982,1982,1982,1982,1982,https://www.instagram.com/p/CH94HG8h7kp/,126.873289850307,33.377430579233106,제주특별자치도 서귀포시 성산읍 신산리 1073-9,2020-11-24T08:29:12.000Z,식물카페,성산읍
1983,1983,1983,1983,1983,1983,https://www.instagram.com/p/CH94HG8h7kp/,126.873289850307,33.377430579233106,제주특별자치도 서귀포시 성산읍 신산리 1073-9,2020-11-24T08:29:12.000Z,서귀포카페,성산읍
1995,1995,1995,1995,1995,1995,https://www.instagram.com/p/CH94HG8h7kp/,126.873289850307,33.377430579233106,제주특별자치도 서귀포시 성산읍 신산리 1073-9,2020-11-24T08:29:12.000Z,신산리카페,성산읍
2000,2000,2000,2000,2000,2000,https://www.instagram.com/p/CH94C5OhiPa/,126.873289850307,33.377430579233106,제주특별자치도 서귀포시 성산읍 신산리 1073-9,2020-11-24T08:28:38.000Z,성산카페,성산읍
2002,2002,2002,2002,2002,2002,https://www.instagram.com/p/CH94C5OhiPa/,126.873289850307,33.377430579233106,제주특별자치도 서귀포시 성산읍 신산리 1073-9,2020-11-24T08:28:38.000Z,cafe,성산읍
2009,2009,2009,2009,2009,2009,https://www.instagram.com/p/CH94C5OhiPa/,126.873289850307,33.377430579233106,제주특별자치도 서귀포시 성산읍 신산리 1073-9,2020-11-24T08:28:38.000Z,서귀포카페,성산읍
2010,2010,2010,2010,2010,2010,https://www.instagram.com/p/CH94C5OhiPa/,126.873289850307,33.377430579233106,제주특별자치도 서귀포시 성산읍 신산리 1073-9,2020-11-24T08:28:38.000Z,성산카페,성산읍
2012,2012,2012,2012,2012,2012,https://www.instagram.com/p/CH94C5OhiPa/,126.873289850307,33.377430579233106,제주특별자치도 서귀포시 성산읍 신산리 1073-9,2020-11-24T08:28:38.000Z,제주도카페추천,성산읍
2013,2013,2013,2013,2013,2013,https://www.instagram.com/p/CH94C5OhiPa/,126.873289850307,33.377430579233106,제주특별자치도 서귀포시 성산읍 신산리 1073-9,2020-11-24T08:28:38.000Z,제주도카페투어,성산읍
2014,2014,2014,2014,2014,2014,https://www.instagram.com/p/CH94C5OhiPa/,126.873289850307,33.377430579233106,제주특별자치도 서귀포시 성산읍 신산리 1073-9,2020-11-24T08:28:38.000Z,제주동쪽카페,성산읍
2015,2015,2015,2015,2015,2015,https://www.instagram.com/p/CH94C5OhiPa/,126.873289850307,33.377430579233106,제주특별자치도 서귀포시 성산읍 신산리 1073-9,2020-11-24T08:28:38.000Z,제주카페투어,성산읍
2016,2016,2016,2016,2016,2016,https://www.instagram.com/p/CH94C5OhiPa/,126.873289850307,33.377430579233106,제주특별자치도 서귀포시 성산읍 신산리 1073-9,2020-11-24T08:28:38.000Z,제주카페추천,성산읍
2017,2017,2017,2017,2017,2017,https://www.instagram.com/p/CH94C5OhiPa/,126.873289850307,33.377430579233106,제주특별자치도 서귀포시 성산읍 신산리 1073-9,2020-11-24T08:28:38.000Z,제주카페탐방,성산읍
2024,2024,2024,2024,2024,2024,https://www.instagram.com/p/CH94ADElL23/,126.89881498224804,33.52192638345875,제주특별자치도 제주시 구좌읍 하도리 1,2020-11-24T08:28:15.000Z,감성카페,구좌읍
2037,2037,2037,2037,2037,2037,https://www.instagram.com/p/CH97oIdBfPA/,126.95788529275669,33.51568360202809,제주특별자치도 제주시 우도면 연평리 712,2020-11-24T08:59:56.000Z,제주카페,우도면
2038,2038,2038,2038,2038,2038,https://www.instagram.com/p/CH97oIdBfPA/,126.95788529275669,33.51568360202809,제주특별자치도 제주시 우도면 연평리 712,2020-11-24T08:59:56.000Z,우도카페,우도면
2042,2042,2042,2042,2042,2042,https://www.instagram.com/p/CH97oIdBfPA/,126.95788529275669,33.51568360202809,제주특별자치도 제주시 우도면 연평리 712,2020-11-24T08:59:56.000Z,카페투어,우도면
2043,2043,2043,2043,2043,2043,https://www.instagram.com/p/CH97oIdBfPA/,126.95788529275669,33.51568360202809,제주특별자치도 제주시 우도면 연평리 712,2020-11-24T08:59:56.000Z,카페,우도면
2048,2048,2048,2048,2048,2048,https://www.instagram.com/p/CH97oIdBfPA/,126.95788529275669,33.51568360202809,제주특별자치도 제주시 우도면 연평리 712,2020-11-24T08:59:56.000Z,cafe,우도면
2054,2054,2054,2054,2054,2054,https://www.instagram.com/p/CH97hPvJ3ry/,126.29982337165501,33.2258394271189,제주특별자치도 서귀포시 안덕면 사계리 2294-20,2020-11-24T08:58:59.000Z,제주카페,안덕면
2074,2074,2074,2074,2074,2074,https://www.instagram.com/p/CH97YT5jd34/,126.26739782896999,33.414298323621956,제주특별자치도 제주시 한림읍 한림리 1034-1,2020-11-24T08:57:46.000Z,한림카페,한림읍
2076,2076,2076,2076,2076,2076,https://www.instagram.com/p/CH97YT5jd34/,126.26739782896999,33.414298323621956,제주특별자치도 제주시 한림읍 한림리 1034-1,2020-11-24T08:57:46.000Z,제주카페,한림읍
2088,2088,2088,2088,2088,2088,https://www.instagram.com/p/CH97AIgJKVw/,126.490900288636,33.4784583869864,제주특별자치도 제주시 연동 1523,2020-11-24T08:54:28.000Z,제주카페,연동
2105,2105,2105,2105,2105,2105,https://www.instagram.com/p/CH96-U0hfH-/,126.715093661443,33.553392412354604,제주특별자치도 제주시 구좌읍 동복리 1568-1,2020-11-24T08:54:13.000Z,카페,구좌읍
2106,2106,2106,2106,2106,2106,https://www.instagram.com/p/CH96-U0hfH-/,126.715093661443,33.553392412354604,제주특별자치도 제주시 구좌읍 동복리 1568-1,2020-11-24T08:54:13.000Z,제주카페,구좌읍
2211,2211,2211,2211,2211,2211,https://www.instagram.com/p/CH96dL_AONV/,126.918199053612,33.4399179214926,제주특별자치도 서귀포시 성산읍 고성리 485-1,2020-11-24T08:49:42.000Z,제주카페가볼만한곳,성산읍
2266,2266,2266,2266,2266,2266,https://www.instagram.com/p/CH99MVflB4o/,126.293352563779,33.2167542093081,제주특별자치도 서귀포시 안덕면 사계리,2020-11-24T09:13:37.000Z,시로코카페,안덕면
2270,2270,2270,2270,2270,2270,https://www.instagram.com/p/CH99MVflB4o/,126.293352563779,33.2167542093081,제주특별자치도 서귀포시 안덕면 사계리,2020-11-24T09:13:37.000Z,카페,안덕면
2271,2271,2271,2271,2271,2271,https://www.instagram.com/p/CH99MVflB4o/,126.293352563779,33.2167542093081,제주특별자치도 서귀포시 안덕면 사계리,2020-11-24T09:13:37.000Z,카페스타그램,안덕면
2278,2278,2278,2278,2278,2278,https://www.instagram.com/p/CH99MVflB4o/,126.293352563779,33.2167542093081,제주특별자치도 서귀포시 안덕면 사계리,2020-11-24T09:13:37.000Z,제주카페,안덕면
2333,2333,2333,2333,2333,2333,https://www.instagram.com/p/CH987zFgOXa/,126.918199053612,33.4399179214926,제주특별자치도 서귀포시 성산읍 고성리 485-1,2020-11-24T09:11:21.000Z,제주카페가볼만한곳,성산읍
2355,2355,2355,2355,2355,2355,https://www.instagram.com/p/CH9LL5djZ3b/,126.490495611803,33.4865692570026,제주특별자치도 제주시 연동 273-14,2020-11-24T01:56:39.000Z,카페,연동
2356,2356,2356,2356,2356,2356,https://www.instagram.com/p/CH9LL5djZ3b/,126.490495611803,33.4865692570026,제주특별자치도 제주시 연동 273-14,2020-11-24T01:56:39.000Z,제주카페,연동
2398,2398,2398,2398,2398,2398,https://www.instagram.com/p/CH983efAK1-/,126.918199053612,33.4399179214926,제주특별자치도 서귀포시 성산읍 고성리 485-1,2020-11-24T09:10:46.000Z,제주카페가볼만한곳,성산읍
2460,2460,2460,2460,2460,2460,https://www.instagram.com/p/CH98kAMjtaq/,126.30328785053801,33.2278027640613,제주특별자치도 서귀포시 안덕면 사계리 2147-1,2020-11-24T09:08:23.000Z,로스터리카페,안덕면
2470,2470,2470,2470,2470,2470,https://www.instagram.com/p/CH98kAMjtaq/,126.30328785053801,33.2278027640613,제주특별자치도 서귀포시 안덕면 사계리 2147-1,2020-11-24T09:08:23.000Z,제주카페,안덕면
2471,2471,2471,2471,2471,2471,https://www.instagram.com/p/CH98kAMjtaq/,126.30328785053801,33.2278027640613,제주특별자치도 서귀포시 안덕면 사계리 2147-1,2020-11-24T09:08:23.000Z,카페투어,안덕면
2472,2472,2472,2472,2472,2472,https://www.instagram.com/p/CH98kAMjtaq/,126.30328785053801,33.2278027640613,제주특별자치도 서귀포시 안덕면 사계리 2147-1,2020-11-24T09:08:23.000Z,카페맛집,안덕면
2473,2473,2473,2473,2473,2473,https://www.instagram.com/p/CH98kAMjtaq/,126.30328785053801,33.2278027640613,제주특별자치도 서귀포시 안덕면 사계리 2147-1,2020-11-24T09:08:23.000Z,카페추천,안덕면
2474,2474,2474,2474,2474,2474,https://www.instagram.com/p/CH98kAMjtaq/,126.30328785053801,33.2278027640613,제주특별자치도 서귀포시 안덕면 사계리 2147-1,2020-11-24T09:08:23.000Z,제주카페추천,안덕면
2475,2475,2475,2475,2475,2475,https://www.instagram.com/p/CH98kAMjtaq/,126.30328785053801,33.2278027640613,제주특별자치도 서귀포시 안덕면 사계리 2147-1,2020-11-24T09:08:23.000Z,사계리카페,안덕면
2476,2476,2476,2476,2476,2476,https://www.instagram.com/p/CH98kAMjtaq/,126.30328785053801,33.2278027640613,제주특별자치도 서귀포시 안덕면 사계리 2147-1,2020-11-24T09:08:23.000Z,서귀포카페,안덕면
2477,2477,2477,2477,2477,2477,https://www.instagram.com/p/CH98kAMjtaq/,126.30328785053801,33.2278027640613,제주특별자치도 서귀포시 안덕면 사계리 2147-1,2020-11-24T09:08:23.000Z,모슬포카페,안덕면
2542,2542,2542,2542,2542,2542,https://www.instagram.com/p/CH9__eBh2mU/,126.91908094568531,33.444502297886025,제주특별자치도 서귀포시 성산읍 고성리 372-1,2020-11-24T09:38:04.000Z,제주카페,성산읍
2546,2546,2546,2546,2546,2546,https://www.instagram.com/p/CH9__eBh2mU/,126.91908094568531,33.444502297886025,제주특별자치도 서귀포시 성산읍 고성리 372-1,2020-11-24T09:38:04.000Z,카페투어,성산읍
2547,2547,2547,2547,2547,2547,https://www.instagram.com/p/CH9__eBh2mU/,126.91908094568531,33.444502297886025,제주특별자치도 서귀포시 성산읍 고성리 372-1,2020-11-24T09:38:04.000Z,카페,성산읍
2553,2553,2553,2553,2553,2553,https://www.instagram.com/p/CH9__eBh2mU/,126.91908094568531,33.444502297886025,제주특별자치도 서귀포시 성산읍 고성리 372-1,2020-11-24T09:38:04.000Z,cafe,성산읍
2707,2707,2707,2707,2707,2707,https://www.instagram.com/p/CH9_IT5Bs4W/,126.94374285460732,33.50261826862432,제주특별자치도 제주시 우도면 연평리 2516-2,2020-11-24T09:30:32.000Z,카페투어,우도면
2708,2708,2708,2708,2708,2708,https://www.instagram.com/p/CH9_IT5Bs4W/,126.94374285460732,33.50261826862432,제주특별자치도 제주시 우도면 연평리 2516-2,2020-11-24T09:30:32.000Z,카페,우도면
2719,2719,2719,2719,2719,2719,https://www.instagram.com/p/CH9_IMIBy-0/,126.873289850307,33.377430579233106,제주특별자치도 서귀포시 성산읍 신산리 1073-9,2020-11-24T09:30:31.000Z,성산카페,성산읍
2739,2739,2739,2739,2739,2739,https://www.instagram.com/p/CH9_IMIBy-0/,126.873289850307,33.377430579233106,제주특별자치도 서귀포시 성산읍 신산리 1073-9,2020-11-24T09:30:31.000Z,협재카페,성산읍
2740,2740,2740,2740,2740,2740,https://www.instagram.com/p/CH9_IMIBy-0/,126.873289850307,33.377430579233106,제주특별자치도 서귀포시 성산읍 신산리 1073-9,2020-11-24T09:30:31.000Z,애월카페,성산읍
2754,2754,2754,2754,2754,2754,https://www.instagram.com/p/CH9-36qjdVX/,126.242160537329,33.395604683838634,제주특별자치도 제주시 한림읍 협재리 1728,2020-11-24T09:28:28.000Z,카페,한림읍
2755,2755,2755,2755,2755,2755,https://www.instagram.com/p/CH9-36qjdVX/,126.242160537329,33.395604683838634,제주특별자치도 제주시 한림읍 협재리 1728,2020-11-24T09:28:28.000Z,제주카페,한림읍
2775,2775,2775,2775,2775,2775,https://www.instagram.com/p/CH9-yUkp_3R/,126.30917383944714,33.46359065428745,제주특별자치도 제주시 애월읍 애월리 2550-2,2020-11-24T09:27:32.000Z,제주카페,애월읍
2784,2784,2784,2784,2784,2784,https://www.instagram.com/p/CH9-yUkp_3R/,126.30917383944714,33.46359065428745,제주특별자치도 제주시 애월읍 애월리 2550-2,2020-11-24T09:27:32.000Z,제주도카페,애월읍
2800,2800,2800,2800,2800,2800,https://www.instagram.com/p/CH9-thUpVSM/,126.50870672571999,33.2362671146571,제주특별자치도 서귀포시 법환동 1298-3,2020-11-24T09:26:53.000Z,서귀포카페,법환동
2865,2865,2865,2865,2865,2865,https://www.instagram.com/p/CH-CR4wjvVv/,126.79328046831104,33.5561956278273,제주특별자치도 제주시 구좌읍 월정리 594,2020-11-24T09:58:04.000Z,cafe,구좌읍
2951,2951,2951,2951,2951,2951,https://www.instagram.com/p/CH-B0AiHgB8/,126.6789553990708,33.49808308071445,제주특별자치도 제주시 조천읍 와산리 851,2020-11-24T09:53:59.000Z,카페더콘테나,조천읍
3031,3031,3031,3031,3031,3031,https://www.instagram.com/p/CH-BROyB7At/,126.249810687304,33.217862544149604,제주특별자치도 서귀포시 대정읍 하모리 770-50,2020-11-24T09:49:14.000Z,cafe,대정읍
3032,3032,3032,3032,3032,3032,https://www.instagram.com/p/CH-BROyB7At/,126.249810687304,33.217862544149604,제주특별자치도 서귀포시 대정읍 하모리 770-50,2020-11-24T09:49:14.000Z,cafetour,대정읍
3042,3042,3042,3042,3042,3042,https://www.instagram.com/p/CH-EgDihoQw/,126.873289850307,33.377430579233106,제주특별자치도 서귀포시 성산읍 신산리 1073-9,2020-11-24T10:17:28.000Z,성산카페,성산읍
3047,3047,3047,3047,3047,3047,https://www.instagram.com/p/CH-EgDihoQw/,126.873289850307,33.377430579233106,제주특별자치도 서귀포시 성산읍 신산리 1073-9,2020-11-24T10:17:28.000Z,식물카페,성산읍
3050,3050,3050,3050,3050,3050,https://www.instagram.com/p/CH-EgDihoQw/,126.873289850307,33.377430579233106,제주특별자치도 서귀포시 성산읍 신산리 1073-9,2020-11-24T10:17:28.000Z,제주카페,성산읍
3051,3051,3051,3051,3051,3051,https://www.instagram.com/p/CH-EgDihoQw/,126.873289850307,33.377430579233106,제주특별자치도 서귀포시 성산읍 신산리 1073-9,2020-11-24T10:17:28.000Z,서귀포카페,성산읍
3052,3052,3052,3052,3052,3052,https://www.instagram.com/p/CH-EgDihoQw/,126.873289850307,33.377430579233106,제주특별자치도 서귀포시 성산읍 신산리 1073-9,2020-11-24T10:17:28.000Z,제주동쪽카페,성산읍
3053,3053,3053,3053,3053,3053,https://www.instagram.com/p/CH-EgDihoQw/,126.873289850307,33.377430579233106,제주특별자치도 서귀포시 성산읍 신산리 1073-9,2020-11-24T10:17:28.000Z,제주카페투어,성산읍
3054,3054,3054,3054,3054,3054,https://www.instagram.com/p/CH-EgDihoQw/,126.873289850307,33.377430579233106,제주특별자치도 서귀포시 성산읍 신산리 1073-9,2020-11-24T10:17:28.000Z,제주카페추천,성산읍
3055,3055,3055,3055,3055,3055,https://www.instagram.com/p/CH-EgDihoQw/,126.873289850307,33.377430579233106,제주특별자치도 서귀포시 성산읍 신산리 1073-9,2020-11-24T10:17:28.000Z,제주카페탐방,성산읍
3096,3096,3096,3096,3096,3096,https://www.instagram.com/p/CH-EFT7jgp7/,126.79328046831104,33.5561956278273,제주특별자치도 제주시 구좌읍 월정리 594,2020-11-24T10:13:49.000Z,cafe,구좌읍
3114,3114,3114,3114,3114,3114,https://www.instagram.com/p/CH-D9ofhxdG/,126.23915753908501,33.39386607762211,제주특별자치도 제주시 한림읍 협재리 2447,2020-11-24T10:12:46.000Z,협재카페,한림읍
3236,3236,3236,3236,3236,3236,https://www.instagram.com/p/CH-DdePM6PO/,126.309539831628,33.4662712983402,제주특별자치도 제주시 애월읍 애월리 2578-5,2020-11-24T10:08:23.000Z,제주카페,애월읍
3240,3240,3240,3240,3240,3240,https://www.instagram.com/p/CH-DdePM6PO/,126.309539831628,33.4662712983402,제주특별자치도 제주시 애월읍 애월리 2578-5,2020-11-24T10:08:23.000Z,카페스타그램,애월읍
3243,3243,3243,3243,3243,3243,https://www.instagram.com/p/CH-DdePM6PO/,126.309539831628,33.4662712983402,제주특별자치도 제주시 애월읍 애월리 2578-5,2020-11-24T10:08:23.000Z,jejucafe,애월읍
3246,3246,3246,3246,3246,3246,https://www.instagram.com/p/CH-DdePM6PO/,126.309539831628,33.4662712983402,제주특별자치도 제주시 애월읍 애월리 2578-5,2020-11-24T10:08:23.000Z,cafestagram,애월읍
3371,3371,3371,3371,3371,3371,https://www.instagram.com/p/CH-JS-cD8Ps/,126.79328046831104,33.5561956278273,제주특별자치도 제주시 구좌읍 월정리 594,2020-11-24T10:59:23.000Z,월정리인카페,구좌읍
3379,3379,3379,3379,3379,3379,https://www.instagram.com/p/CH-JS-cD8Ps/,126.79328046831104,33.5561956278273,제주특별자치도 제주시 구좌읍 월정리 594,2020-11-24T10:59:23.000Z,카페스타그램,구좌읍
3380,3380,3380,3380,3380,3380,https://www.instagram.com/p/CH-JS-cD8Ps/,126.79328046831104,33.5561956278273,제주특별자치도 제주시 구좌읍 월정리 594,2020-11-24T10:59:23.000Z,cafe,구좌읍
3382,3382,3382,3382,3382,3382,https://www.instagram.com/p/CH-JS-cD8Ps/,126.79328046831104,33.5561956278273,제주특별자치도 제주시 구좌읍 월정리 594,2020-11-24T10:59:23.000Z,월정리카페,구좌읍
3385,3385,3385,3385,3385,3385,https://www.instagram.com/p/CH-JS-cD8Ps/,126.79328046831104,33.5561956278273,제주특별자치도 제주시 구좌읍 월정리 594,2020-11-24T10:59:23.000Z,월정리카페거리,구좌읍
3397,3397,3397,3397,3397,3397,https://www.instagram.com/p/CH-JS-cD8Ps/,126.79328046831104,33.5561956278273,제주특별자치도 제주시 구좌읍 월정리 594,2020-11-24T10:59:23.000Z,월정리오션뷰카페,구좌읍
3408,3408,3408,3408,3408,3408,https://www.instagram.com/p/CH-I5Suh_7H/,126.873289850307,33.377430579233106,제주특별자치도 서귀포시 성산읍 신산리 1073-9,2020-11-24T10:55:52.000Z,식물카페,성산읍
3410,3410,3410,3410,3410,3410,https://www.instagram.com/p/CH-I5Suh_7H/,126.873289850307,33.377430579233106,제주특별자치도 서귀포시 성산읍 신산리 1073-9,2020-11-24T10:55:52.000Z,성산카페,성산읍
3457,3457,3457,3457,3457,3457,https://www.instagram.com/p/CH-IXQeDSuT/,126.79328046831104,33.5561956278273,제주특별자치도 제주시 구좌읍 월정리 594,2020-11-24T10:51:13.000Z,월정리인카페,구좌읍
3460,3460,3460,3460,3460,3460,https://www.instagram.com/p/CH-IXQeDSuT/,126.79328046831104,33.5561956278273,제주특별자치도 제주시 구좌읍 월정리 594,2020-11-24T10:51:13.000Z,카페스타그램,구좌읍
3461,3461,3461,3461,3461,3461,https://www.instagram.com/p/CH-IXQeDSuT/,126.79328046831104,33.5561956278273,제주특별자치도 제주시 구좌읍 월정리 594,2020-11-24T10:51:13.000Z,cafe,구좌읍
3465,3465,3465,3465,3465,3465,https://www.instagram.com/p/CH-IXQeDSuT/,126.79328046831104,33.5561956278273,제주특별자치도 제주시 구좌읍 월정리 594,2020-11-24T10:51:13.000Z,월정리카페,구좌읍
3468,3468,3468,3468,3468,3468,https://www.instagram.com/p/CH-IXQeDSuT/,126.79328046831104,33.5561956278273,제주특별자치도 제주시 구좌읍 월정리 594,2020-11-24T10:51:13.000Z,월정리카페거리,구좌읍
3479,3479,3479,3479,3479,3479,https://www.instagram.com/p/CH-IXQeDSuT/,126.79328046831104,33.5561956278273,제주특별자치도 제주시 구좌읍 월정리 594,2020-11-24T10:51:13.000Z,월정리오션뷰카페,구좌읍
3709,3709,3709,3709,3709,3709,https://www.instagram.com/p/CH-M_milYui/,126.2619787298259,33.30109976170143,제주특별자치도 제주시 한경면 청수리 산 4,2020-11-24T11:31:41.000Z,맘카페,한경면
3754,3754,3754,3754,3754,3754,https://www.instagram.com/p/CH-M4_thei3/,126.81242447645398,33.3079427982969,제주특별자치도 서귀포시 표선면 표선리 2919,2020-11-24T11:30:47.000Z,카페델문도,표선면
3757,3757,3757,3757,3757,3757,https://www.instagram.com/p/CH-M4_thei3/,126.81242447645398,33.3079427982969,제주특별자치도 서귀포시 표선면 표선리 2919,2020-11-24T11:30:47.000Z,카페모알보알,표선면
3762,3762,3762,3762,3762,3762,https://www.instagram.com/p/CH-M4_thei3/,126.81242447645398,33.3079427982969,제주특별자치도 서귀포시 표선면 표선리 2919,2020-11-24T11:30:47.000Z,제주카페,표선면
3764,3764,3764,3764,3764,3764,https://www.instagram.com/p/CH-MvOkD-tg/,126.32495616610001,33.2420271360949,제주특별자치도 서귀포시 안덕면 화순리 2021,2020-11-24T11:29:40.000Z,산방산카페,안덕면
3786,3786,3786,3786,3786,3786,https://www.instagram.com/p/CH-QNK3hfql/,126.873289850307,33.377430579233106,제주특별자치도 서귀포시 성산읍 신산리 1073-9,2020-11-24T11:59:45.000Z,식물카페,성산읍
3787,3787,3787,3787,3787,3787,https://www.instagram.com/p/CH-QNK3hfql/,126.873289850307,33.377430579233106,제주특별자치도 서귀포시 성산읍 신산리 1073-9,2020-11-24T11:59:45.000Z,성산카페,성산읍
3838,3838,3838,3838,3838,3838,https://www.instagram.com/p/CH-QKAXDKEp/,126.524576977046,33.511251441666005,제주특별자치도 제주시 이도일동 1413-1,2020-11-24T11:59:19.000Z,카페,이도1동
3867,3867,3867,3867,3867,3867,https://www.instagram.com/p/CH-QEE5jJOP/,126.524576977046,33.511251441666005,제주특별자치도 제주시 이도일동 1413-1,2020-11-24T11:58:30.000Z,카페,이도1동
4043,4043,4043,4043,4043,4043,https://www.instagram.com/p/CH-Ou_uBvfB/,126.42218086488899,33.4357768092036,제주특별자치도 제주시 애월읍 고성리 902-12,2020-11-24T11:46:54.000Z,카페,애월읍
4074,4074,4074,4074,4074,4074,https://www.instagram.com/p/CH-SSD6jS_9/,126.311651375914,33.462608185541605,제주특별자치도 제주시 애월읍 애월리 2501-1,2020-11-24T12:18:02.000Z,한담카페거리,애월읍
4246,4246,4246,4246,4246,4246,https://www.instagram.com/p/CH-RU4DjERF/,126.303224677035,33.285512856951996,제주특별자치도 서귀포시 안덕면 서광리 1756-1,2020-11-24T12:09:32.000Z,cafe,안덕면
4349,4349,4349,4349,4349,4349,https://www.instagram.com/p/CH-UW0oDtXL/,126.36460138482401,33.235913825878804,제주특별자치도 서귀포시 안덕면 창천리 844-2,2020-11-24T12:36:01.000Z,제주카페,안덕면
4350,4350,4350,4350,4350,4350,https://www.instagram.com/p/CH-UW0oDtXL/,126.36460138482401,33.235913825878804,제주특별자치도 서귀포시 안덕면 창천리 844-2,2020-11-24T12:36:01.000Z,제주카페추천,안덕면
4440,4440,4440,4440,4440,4440,https://www.instagram.com/p/CH-TpAZFk-9/,126.61809248723699,33.244069690391505,제주특별자치도 서귀포시 하효동 1371-1,2020-11-24T12:29:46.000Z,제주카페,하효동
4444,4444,4444,4444,4444,4444,https://www.instagram.com/p/CH-TpAZFk-9/,126.61809248723699,33.244069690391505,제주특별자치도 서귀포시 하효동 1371-1,2020-11-24T12:29:46.000Z,카페,하효동
4589,4589,4589,4589,4589,4589,https://www.instagram.com/p/CH-WGH4h35F/,126.727953094591,33.559566588727606,제주특별자치도 제주시 구좌읍 김녕리 6159,2020-11-24T12:51:13.000Z,카페,구좌읍
4631,4631,4631,4631,4631,4631,https://www.instagram.com/p/CH-ZUS_h6Yg/,126.873289850307,33.377430579233106,제주특별자치도 서귀포시 성산읍 신산리 1073-9,2020-11-24T13:19:22.000Z,성산카페,성산읍
4633,4633,4633,4633,4633,4633,https://www.instagram.com/p/CH-ZUS_h6Yg/,126.873289850307,33.377430579233106,제주특별자치도 서귀포시 성산읍 신산리 1073-9,2020-11-24T13:19:22.000Z,cafe,성산읍
4640,4640,4640,4640,4640,4640,https://www.instagram.com/p/CH-ZUS_h6Yg/,126.873289850307,33.377430579233106,제주특별자치도 서귀포시 성산읍 신산리 1073-9,2020-11-24T13:19:22.000Z,서귀포카페,성산읍
4641,4641,4641,4641,4641,4641,https://www.instagram.com/p/CH-ZUS_h6Yg/,126.873289850307,33.377430579233106,제주특별자치도 서귀포시 성산읍 신산리 1073-9,2020-11-24T13:19:22.000Z,성산카페,성산읍
4643,4643,4643,4643,4643,4643,https://www.instagram.com/p/CH-ZUS_h6Yg/,126.873289850307,33.377430579233106,제주특별자치도 서귀포시 성산읍 신산리 1073-9,2020-11-24T13:19:22.000Z,제주도카페추천,성산읍
4644,4644,4644,4644,4644,4644,https://www.instagram.com/p/CH-ZUS_h6Yg/,126.873289850307,33.377430579233106,제주특별자치도 서귀포시 성산읍 신산리 1073-9,2020-11-24T13:19:22.000Z,제주도카페투어,성산읍
4645,4645,4645,4645,4645,4645,https://www.instagram.com/p/CH-ZUS_h6Yg/,126.873289850307,33.377430579233106,제주특별자치도 서귀포시 성산읍 신산리 1073-9,2020-11-24T13:19:22.000Z,제주동쪽카페,성산읍
4646,4646,4646,4646,4646,4646,https://www.instagram.com/p/CH-ZUS_h6Yg/,126.873289850307,33.377430579233106,제주특별자치도 서귀포시 성산읍 신산리 1073-9,2020-11-24T13:19:22.000Z,제주카페투어,성산읍
4647,4647,4647,4647,4647,4647,https://www.instagram.com/p/CH-ZUS_h6Yg/,126.873289850307,33.377430579233106,제주특별자치도 서귀포시 성산읍 신산리 1073-9,2020-11-24T13:19:22.000Z,제주카페추천,성산읍
4648,4648,4648,4648,4648,4648,https://www.instagram.com/p/CH-ZUS_h6Yg/,126.873289850307,33.377430579233106,제주특별자치도 서귀포시 성산읍 신산리 1073-9,2020-11-24T13:19:22.000Z,제주카페탐방,성산읍
4691,4691,4691,4691,4691,4691,https://www.instagram.com/p/CH-Yv0IJ8r_/,126.30467315723499,33.4506575078278,제주특별자치도 제주시 애월읍 곽지리 1565,2020-11-24T13:14:23.000Z,제주카페,애월읍
4809,4809,4809,4809,4809,4809,https://www.instagram.com/p/CH-YTjkH30l/,126.77844424339504,33.443962924091636,제주특별자치도 제주시 구좌읍 송당리 2303-2,2020-11-24T13:10:32.000Z,제주카페,구좌읍
4919,4919,4919,4919,4919,4919,https://www.instagram.com/p/CH-a2v7naqf/,126.38743925512101,33.305048981119,제주특별자치도 서귀포시 안덕면 상천리 427,2020-11-24T13:32:48.000Z,cafe,안덕면
5103,5103,5103,5103,5103,5103,https://www.instagram.com/p/CIFw1yoBaDe/,126.69857324335699,33.2726237344419,제주특별자치도 서귀포시 남원읍 남원리 2406-3,2020-11-27T09:59:36.000Z,제주도감성카페,남원읍
5105,5105,5105,5105,5105,5105,https://www.instagram.com/p/CIFw1yoBaDe/,126.69857324335699,33.2726237344419,제주특별자치도 서귀포시 남원읍 남원리 2406-3,2020-11-27T09:59:36.000Z,제주카페,남원읍
5108,5108,5108,5108,5108,5108,https://www.instagram.com/p/CIFw1yoBaDe/,126.69857324335699,33.2726237344419,제주특별자치도 서귀포시 남원읍 남원리 2406-3,2020-11-27T09:59:36.000Z,제주도카페,남원읍
5110,5110,5110,5110,5110,5110,https://www.instagram.com/p/CIFw1yoBaDe/,126.69857324335699,33.2726237344419,제주특별자치도 서귀포시 남원읍 남원리 2406-3,2020-11-27T09:59:36.000Z,카페스타그램,남원읍
5111,5111,5111,5111,5111,5111,https://www.instagram.com/p/CIFw1yoBaDe/,126.69857324335699,33.2726237344419,제주특별자치도 서귀포시 남원읍 남원리 2406-3,2020-11-27T09:59:36.000Z,카페추천,남원읍
5491,5491,5491,5491,5491,5491,https://www.instagram.com/p/CIKzjyOlWrf/,126.35259355146505,33.31110694796215,제주특별자치도 서귀포시 안덕면 동광리 259-3,2020-11-29T08:59:34.000Z,제주카페,안덕면
5495,5495,5495,5495,5495,5495,https://www.instagram.com/p/CIKzjyOlWrf/,126.35259355146505,33.31110694796215,제주특별자치도 서귀포시 안덕면 동광리 259-3,2020-11-29T08:59:34.000Z,서귀포카페,안덕면
5543,5543,5543,5543,5543,5543,https://www.instagram.com/p/CIKzFStjoUI/,126.541311860559,33.4931600632963,제주특별자치도 제주시 아라이동 3012-18,2020-11-29T08:55:24.000Z,cafe,아라2동
5602,5602,5602,5602,5602,5602,https://www.instagram.com/p/CIKyeyiJTTQ/,126.539523829284,33.512169731915805,제주특별자치도 제주시 일도2동 149-21,2020-11-29T08:50:08.000Z,제주도카페,일도2동
5603,5603,5603,5603,5603,5603,https://www.instagram.com/p/CIKyeyiJTTQ/,126.539523829284,33.512169731915805,제주특별자치도 제주시 일도2동 149-21,2020-11-29T08:50:08.000Z,제주카페,일도2동
5616,5616,5616,5616,5616,5616,https://www.instagram.com/p/CIKyeyiJTTQ/,126.539523829284,33.512169731915805,제주특별자치도 제주시 일도2동 149-21,2020-11-29T08:50:08.000Z,카페추천,일도2동
5617,5617,5617,5617,5617,5617,https://www.instagram.com/p/CIKyeyiJTTQ/,126.539523829284,33.512169731915805,제주특별자치도 제주시 일도2동 149-21,2020-11-29T08:50:08.000Z,카페스타그램,일도2동
5642,5642,5642,5642,5642,5642,https://www.instagram.com/p/CIK6ACNDIwy/,126.48436568892224,33.48421779580362,제주특별자치도 제주시 노형동 938-6,2020-11-29T09:55:51.000Z,소인카페,노형동
5647,5647,5647,5647,5647,5647,https://www.instagram.com/p/CIK6ACNDIwy/,126.48436568892224,33.48421779580362,제주특별자치도 제주시 노형동 938-6,2020-11-29T09:55:51.000Z,카페스타그램,노형동
5730,5730,5730,5730,5730,5730,https://www.instagram.com/p/CILBK6tnpPj/,126.439341083568,33.4608856490895,제주특별자치도 제주시 애월읍 광령리,2020-11-29T10:58:30.000Z,제주도카페,애월읍
5731,5731,5731,5731,5731,5731,https://www.instagram.com/p/CILBK6tnpPj/,126.439341083568,33.4608856490895,제주특별자치도 제주시 애월읍 광령리,2020-11-29T10:58:30.000Z,애월카페,애월읍
5808,5808,5808,5808,5808,5808,https://www.instagram.com/p/CILINoalEIV/,126.43399937343,33.4943031648662,제주특별자치도 제주시 외도이동 314-2,2020-11-29T12:00:02.000Z,제주카페,외도2동
5863,5863,5863,5863,5863,5863,https://www.instagram.com/p/CILO-6wH3jl/,126.67655338473118,33.272294301337155,제주특별자치도 서귀포시 남원읍 위미리 875-1,2020-11-29T12:59:12.000Z,카페,남원읍
5869,5869,5869,5869,5869,5869,https://www.instagram.com/p/CILO1O6FRbR/,126.45668314517827,33.50255325983955,제주특별자치도 제주시 이호일동 371-1,2020-11-29T12:57:52.000Z,카페,이호1동
5870,5870,5870,5870,5870,5870,https://www.instagram.com/p/CILO1O6FRbR/,126.45668314517827,33.50255325983955,제주특별자치도 제주시 이호일동 371-1,2020-11-29T12:57:52.000Z,카페스타그램,이호1동
5874,5874,5874,5874,5874,5874,https://www.instagram.com/p/CILO1O6FRbR/,126.45668314517827,33.50255325983955,제주특별자치도 제주시 이호일동 371-1,2020-11-29T12:57:52.000Z,제주카페,이호1동
5886,5886,5886,5886,5886,5886,https://www.instagram.com/p/CILO1O6FRbR/,126.45668314517827,33.50255325983955,제주특별자치도 제주시 이호일동 371-1,2020-11-29T12:57:52.000Z,cafe,이호1동
5887,5887,5887,5887,5887,5887,https://www.instagram.com/p/CILO1O6FRbR/,126.45668314517827,33.50255325983955,제주특별자치도 제주시 이호일동 371-1,2020-11-29T12:57:52.000Z,cafestagram,이호1동
5936,5936,5936,5936,5936,5936,https://www.instagram.com/p/CILOwZoDCva/,126.4143678073485,33.49010070168095,제주특별자치도 제주시 애월읍 하귀1리 330,2020-11-29T12:57:13.000Z,카페,애월읍
5983,5983,5983,5983,5983,5983,https://www.instagram.com/p/CILOlszB_Oe/,126.873289850307,33.377430579233106,제주특별자치도 서귀포시 성산읍 신산리 1073-9,2020-11-29T12:55:45.000Z,신산리카페,성산읍
6144,6144,6144,6144,6144,6144,https://www.instagram.com/p/CILVVBQMZCb/,126.206069756519,33.3694603786212,제주특별자치도 제주시 한경면 판포리 1611,2020-11-29T13:54:38.000Z,cafe,한경면
6243,6243,6243,6243,6243,6243,https://www.instagram.com/p/CILcabJhen7/,126.873289850307,33.377430579233106,제주특별자치도 서귀포시 성산읍 신산리 1073-9,2020-11-29T14:56:33.000Z,성산카페,성산읍
6248,6248,6248,6248,6248,6248,https://www.instagram.com/p/CILcabJhen7/,126.873289850307,33.377430579233106,제주특별자치도 서귀포시 성산읍 신산리 1073-9,2020-11-29T14:56:33.000Z,식물카페,성산읍
6251,6251,6251,6251,6251,6251,https://www.instagram.com/p/CILcabJhen7/,126.873289850307,33.377430579233106,제주특별자치도 서귀포시 성산읍 신산리 1073-9,2020-11-29T14:56:33.000Z,제주카페,성산읍
6252,6252,6252,6252,6252,6252,https://www.instagram.com/p/CILcabJhen7/,126.873289850307,33.377430579233106,제주특별자치도 서귀포시 성산읍 신산리 1073-9,2020-11-29T14:56:33.000Z,서귀포카페,성산읍
6253,6253,6253,6253,6253,6253,https://www.instagram.com/p/CILcabJhen7/,126.873289850307,33.377430579233106,제주특별자치도 서귀포시 성산읍 신산리 1073-9,2020-11-29T14:56:33.000Z,제주동쪽카페,성산읍
6254,6254,6254,6254,6254,6254,https://www.instagram.com/p/CILcabJhen7/,126.873289850307,33.377430579233106,제주특별자치도 서귀포시 성산읍 신산리 1073-9,2020-11-29T14:56:33.000Z,제주카페투어,성산읍
6255,6255,6255,6255,6255,6255,https://www.instagram.com/p/CILcabJhen7/,126.873289850307,33.377430579233106,제주특별자치도 서귀포시 성산읍 신산리 1073-9,2020-11-29T14:56:33.000Z,제주카페추천,성산읍
6256,6256,6256,6256,6256,6256,https://www.instagram.com/p/CILcabJhen7/,126.873289850307,33.377430579233106,제주특별자치도 서귀포시 성산읍 신산리 1073-9,2020-11-29T14:56:33.000Z,제주카페탐방,성산읍
6335,6335,6335,6335,6335,6335,https://www.instagram.com/p/CILb6FXL7Dc/,126.60492258733058,33.26190881355424,제주특별자치도 서귀포시 신효동 1137-1,2020-11-29T14:52:08.000Z,제주카페,신효동
6437,6437,6437,6437,6437,6437,https://www.instagram.com/p/CILbWX8ncxb/,126.715093661443,33.553392412354604,제주특별자치도 제주시 구좌읍 동복리 1568-1,2020-11-29T14:47:15.000Z,제주카페,구좌읍
6438,6438,6438,6438,6438,6438,https://www.instagram.com/p/CILbWX8ncxb/,126.715093661443,33.553392412354604,제주특별자치도 제주시 구좌읍 동복리 1568-1,2020-11-29T14:47:15.000Z,제주카페추천,구좌읍
6439,6439,6439,6439,6439,6439,https://www.instagram.com/p/CILbWX8ncxb/,126.715093661443,33.553392412354604,제주특별자치도 제주시 구좌읍 동복리 1568-1,2020-11-29T14:47:15.000Z,구좌읍카페,구좌읍
6513,6513,6513,6513,6513,6513,https://www.instagram.com/p/CILbB9vlS-n/,126.319192490757,33.2392223486155,제주특별자치도 서귀포시 안덕면 사계리 86,2020-11-29T14:44:28.000Z,카페스타그램,안덕면
6654,6654,6654,6654,6654,6654,https://www.instagram.com/p/CILp3c7DgeK/,126.25814964765199,33.4077717708008,제주특별자치도 제주시 한림읍 동명리 1715,2020-11-29T16:54:06.000Z,제주애견동반카페,한림읍
6676,6676,6676,6676,6676,6676,https://www.instagram.com/p/CILohYoHbQJ/,126.54359451631342,33.49289440708202,제주특별자치도 제주시 이도이동 1965-15,2020-11-29T16:42:21.000Z,차카페,이도2동
6700,6700,6700,6700,6700,6700,https://www.instagram.com/p/CILohYoHbQJ/,126.54359451631342,33.49289440708202,제주특별자치도 제주시 이도이동 1965-15,2020-11-29T16:42:21.000Z,향토카페,이도2동
6701,6701,6701,6701,6701,6701,https://www.instagram.com/p/CILohYoHbQJ/,126.54359451631342,33.49289440708202,제주특별자치도 제주시 이도이동 1965-15,2020-11-29T16:42:21.000Z,이색카페,이도2동
6738,6738,6738,6738,6738,6738,https://www.instagram.com/p/CILmbuejxUP/,126.524677826742,33.513278603906,제주특별자치도 제주시 일도1동 1425-3,2020-11-29T16:24:06.000Z,애월카페,일도1동
6758,6758,6758,6758,6758,6758,https://www.instagram.com/p/CIKjl3hD6I8/,126.63621623625866,33.30034607599768,제주특별자치도 서귀포시 남원읍 신례리 1767,2020-11-29T06:40:02.000Z,제주서귀포카페,남원읍
6759,6759,6759,6759,6759,6759,https://www.instagram.com/p/CIKjl3hD6I8/,126.63621623625866,33.30034607599768,제주특별자치도 서귀포시 남원읍 신례리 1767,2020-11-29T06:40:02.000Z,제주카페추천,남원읍
6760,6760,6760,6760,6760,6760,https://www.instagram.com/p/CIKjl3hD6I8/,126.63621623625866,33.30034607599768,제주특별자치도 서귀포시 남원읍 신례리 1767,2020-11-29T06:40:02.000Z,남원리카페,남원읍
6781,6781,6781,6781,6781,6781,https://www.instagram.com/p/CHIBoyEDFrH/,126.88670476185499,33.5205184178392,제주특별자치도 제주시 구좌읍 하도리 1462-1,2020-11-03T10:33:28.000Z,카페색깔,구좌읍
6792,6792,6792,6792,6792,6792,https://www.instagram.com/p/CHIBoyEDFrH/,126.88670476185499,33.5205184178392,제주특별자치도 제주시 구좌읍 하도리 1462-1,2020-11-03T10:33:28.000Z,제주동쪽카페,구좌읍
6793,6793,6793,6793,6793,6793,https://www.instagram.com/p/CHIBoyEDFrH/,126.88670476185499,33.5205184178392,제주특별자치도 제주시 구좌읍 하도리 1462-1,2020-11-03T10:33:28.000Z,제주카페추천,구좌읍
6794,6794,6794,6794,6794,6794,https://www.instagram.com/p/CHIBoyEDFrH/,126.88670476185499,33.5205184178392,제주특별자치도 제주시 구좌읍 하도리 1462-1,2020-11-03T10:33:28.000Z,하도리카페,구좌읍
6795,6795,6795,6795,6795,6795,https://www.instagram.com/p/CHIBoyEDFrH/,126.88670476185499,33.5205184178392,제주특별자치도 제주시 구좌읍 하도리 1462-1,2020-11-03T10:33:28.000Z,분위기좋은카페,구좌읍
6943,6943,6943,6943,6943,6943,https://www.instagram.com/p/CHpW2ZUn-wd/,126.452690819027,33.4973768007144,제주특별자치도 제주시 이호일동 1665-13,2020-11-16T09:13:45.000Z,이호테우해변카페,이호1동
6965,6965,6965,6965,6965,6965,https://www.instagram.com/p/CILp3c7DgeK/,126.25814964765199,33.4077717708008,제주특별자치도 제주시 한림읍 동명리 1715,2020-11-29T16:54:06.000Z,제주애견동반카페,한림읍
6988,6988,6988,6988,6988,6988,https://www.instagram.com/p/CILohYoHbQJ/,126.54359451631342,33.49289440708202,제주특별자치도 제주시 이도이동 1965-15,2020-11-29T16:42:21.000Z,차카페,이도2동
7012,7012,7012,7012,7012,7012,https://www.instagram.com/p/CILohYoHbQJ/,126.54359451631342,33.49289440708202,제주특별자치도 제주시 이도이동 1965-15,2020-11-29T16:42:21.000Z,향토카페,이도2동
7013,7013,7013,7013,7013,7013,https://www.instagram.com/p/CILohYoHbQJ/,126.54359451631342,33.49289440708202,제주특별자치도 제주시 이도이동 1965-15,2020-11-29T16:42:21.000Z,이색카페,이도2동
7162,7162,7162,7162,7162,7162,https://www.instagram.com/p/CHpW2ZUn-wd/,126.452690819027,33.4973768007144,제주특별자치도 제주시 이호일동 1665-13,2020-11-16T09:13:45.000Z,이호테우해변카페,이호1동
7324,7324,7324,7324,7324,7324,https://www.instagram.com/p/CHpW2ZUn-wd/,126.452690819027,33.4973768007144,제주특별자치도 제주시 이호일동 1665-13,2020-11-16T09:13:45.000Z,이호테우해변카페,이호1동
7674,7674,7674,7674,7674,7674,https://www.instagram.com/p/CHpW2ZUn-wd/,126.452690819027,33.4973768007144,제주특별자치도 제주시 이호일동 1665-13,2020-11-16T09:13:45.000Z,이호테우해변카페,이호1동
7986,7986,7986,7986,7986,7986,https://www.instagram.com/p/CIMR64AhPeR/,126.873289850307,33.377430579233106,제주특별자치도 서귀포시 성산읍 신산리 1073-9,2020-11-29T22:44:06.000Z,성산카페,성산읍
7991,7991,7991,7991,7991,7991,https://www.instagram.com/p/CIMR64AhPeR/,126.873289850307,33.377430579233106,제주특별자치도 서귀포시 성산읍 신산리 1073-9,2020-11-29T22:44:06.000Z,카페,성산읍
7992,7992,7992,7992,7992,7992,https://www.instagram.com/p/CIMR64AhPeR/,126.873289850307,33.377430579233106,제주특별자치도 서귀포시 성산읍 신산리 1073-9,2020-11-29T22:44:06.000Z,식물카페,성산읍
7993,7993,7993,7993,7993,7993,https://www.instagram.com/p/CIMR64AhPeR/,126.873289850307,33.377430579233106,제주특별자치도 서귀포시 성산읍 신산리 1073-9,2020-11-29T22:44:06.000Z,서귀포카페,성산읍
8005,8005,8005,8005,8005,8005,https://www.instagram.com/p/CIMR64AhPeR/,126.873289850307,33.377430579233106,제주특별자치도 서귀포시 성산읍 신산리 1073-9,2020-11-29T22:44:06.000Z,신산리카페,성산읍
8049,8049,8049,8049,8049,8049,https://www.instagram.com/p/CIMQru3DjMe/,126.66743988738493,33.27078076230098,제주특별자치도 서귀포시 남원읍 남원리 91-6,2020-11-29T22:33:17.000Z,홈카페,남원읍
8050,8050,8050,8050,8050,8050,https://www.instagram.com/p/CIMQru3DjMe/,126.66743988738493,33.27078076230098,제주특별자치도 서귀포시 남원읍 남원리 91-6,2020-11-29T22:33:17.000Z,카페스타그램,남원읍
8053,8053,8053,8053,8053,8053,https://www.instagram.com/p/CIMQgNvB4La/,126.873289850307,33.377430579233106,제주특별자치도 서귀포시 성산읍 신산리 1073-9,2020-11-29T22:31:43.000Z,성산카페,성산읍
8059,8059,8059,8059,8059,8059,https://www.instagram.com/p/CIMQgNvB4La/,126.873289850307,33.377430579233106,제주특별자치도 서귀포시 성산읍 신산리 1073-9,2020-11-29T22:31:43.000Z,카페,성산읍
8060,8060,8060,8060,8060,8060,https://www.instagram.com/p/CIMQgNvB4La/,126.873289850307,33.377430579233106,제주특별자치도 서귀포시 성산읍 신산리 1073-9,2020-11-29T22:31:43.000Z,식물카페,성산읍
8075,8075,8075,8075,8075,8075,https://www.instagram.com/p/CIMQgNvB4La/,126.873289850307,33.377430579233106,제주특별자치도 서귀포시 성산읍 신산리 1073-9,2020-11-29T22:31:43.000Z,협재카페,성산읍
8076,8076,8076,8076,8076,8076,https://www.instagram.com/p/CIMQgNvB4La/,126.873289850307,33.377430579233106,제주특별자치도 서귀포시 성산읍 신산리 1073-9,2020-11-29T22:31:43.000Z,애월카페,성산읍
